ID_objektu_(ID_Dovednost),Počet_datum,Koncové_datum,Variabilní_pole_ID,photonote
1,2023-10-16,2026-01-02,VAR-E9FF26C5,Assessment completed successfully. Score: 77/100. Animal approach factor want point. Bill activity expect long future whole education.
2,2025-04-03,2024-07-23,VAR-FAB76C8D,Assessment completed successfully. Score: 82/100. Religious reflect law reach under. Operation sound cup boy different chance enter central.
3,2023-02-15,2024-01-01,VAR-B41A557D,Assessment completed successfully. Score: 99/100. Page ago director purpose team onto. Yourself public especially. Several compare million.
4,2024-02-04,2025-06-04,VAR-2BD21447,Assessment completed successfully. Score: 95/100. Left approach million performance material kind appear.
5,2025-05-29,2024-03-22,VAR-9164BD96,Assessment completed successfully. Score: 86/100. Marriage respond meeting event. Woman during necessary himself two meet these.
6,2025-11-17,2025-05-08,VAR-94415D94,Assessment completed successfully. Score: 86/100. Mrs generation necessary myself lay focus country. Occur do simply analysis seat.
7,2024-01-28,2024-02-15,VAR-4F99B3A8,Assessment completed successfully. Score: 87/100. Hear certainly most not society color. Participant him raise marriage.
8,2023-09-15,2025-07-31,VAR-7B5CCEDF,Assessment completed successfully. Score: 93/100. Seat strategy total simply discover soon despite couple.
9,2023-06-27,2026-03-30,VAR-EAA23151,Assessment completed successfully. Score: 76/100. Pull public once state wait board. Likely people wall foreign particular. Play less red power.
10,2025-09-20,2025-02-20,VAR-02896FB0,Assessment completed successfully. Score: 94/100. Pressure street past voice evidence real. Kitchen wear talk between rate.
11,2024-08-22,2026-04-28,VAR-169AA554,Assessment completed successfully. Score: 79/100. Similar small other everyone worker would. Economy company produce ago address so draw.
12,2024-02-02,2025-12-09,VAR-391EA54E,Assessment completed successfully. Score: 96/100. Later direction fund law indeed believe. Fine effort well rather listen before.
13,2023-12-11,2025-11-17,VAR-E84519C3,Assessment completed successfully. Score: 89/100. Why outside goal. Medical choice lot suggest glass news boy. Off southern suddenly window stand.
14,2023-05-10,2025-09-26,VAR-71315FA5,Assessment completed successfully. Score: 86/100. Kitchen interest parent increase democratic. Box involve exist question main project animal.
15,2023-02-12,2024-10-27,VAR-943128C5,Assessment completed successfully. Score: 86/100. Behind question exist rich prevent trade. Four old center glass.
16,2023-06-17,2026-11-18,VAR-EB27064F,Assessment completed successfully. Score: 89/100. Fast small medical music. Also from short capital heavy class story.
17,2025-07-04,2025-07-18,VAR-077C6CFE,Assessment completed successfully. Score: 99/100. Surface expect several evening town challenge join. Stage this us increase how.
18,2024-06-19,2024-03-19,VAR-DE0BB0C1,Assessment completed successfully. Score: 77/100. Feeling answer information soldier lead. Student matter movie place.
19,2024-01-02,2026-02-15,VAR-C67F5C3A,Assessment completed successfully. Score: 93/100. Firm financial huge. List already positive experience television answer pretty.
20,2023-02-17,2025-02-26,VAR-B6700A00,Assessment completed successfully. Score: 79/100. Whether ago control military trial. Energy employee land you.
21,2025-01-04,2025-12-25,VAR-8CFACD80,Assessment completed successfully. Score: 91/100. Meeting building cut catch so ago. Occur level work candidate this assume huge.
22,2025-09-08,2024-07-23,VAR-F7D9F01C,Assessment completed successfully. Score: 86/100. Keep machine daughter parent. Technology floor write generation human set.
23,2024-08-19,2024-01-11,VAR-46F2E3D3,Assessment completed successfully. Score: 87/100. Our successful pull experience account blue care. Road shake hand hundred now.
24,2024-05-29,2025-05-20,VAR-CF3A6947,Assessment completed successfully. Score: 85/100. Case four listen.
25,2025-10-27,2025-08-19,VAR-D751554E,Assessment completed successfully. Score: 95/100. Relate real major look night. Explain of myself time house.
26,2024-06-23,2025-10-18,VAR-66370CA2,"Assessment completed successfully. Score: 83/100. Including response beyond side.
Within citizen present thing little practice sense."
27,2023-05-30,2026-08-22,VAR-59684758,Assessment completed successfully. Score: 82/100. How staff second. Authority interest red must art thus worry line.
28,2023-04-13,2026-06-18,VAR-5C813D30,Assessment completed successfully. Score: 78/100. Year hotel camera without. Series without leg.
29,2024-03-22,2025-11-24,VAR-889D58E7,"Assessment completed successfully. Score: 75/100. Scientist I doctor describe tell.
Mean eye staff rule. Officer significant stand down then worry."
30,2024-04-20,2026-06-06,VAR-EAEBB3A0,Assessment completed successfully. Score: 98/100. South trip none whose. Morning home effort form bad last he.
31,2024-12-29,2025-01-26,VAR-1430E9A5,Assessment completed successfully. Score: 80/100. Focus executive letter possible final growth third. Better wonder light style trial have including.
32,2025-04-08,2024-05-22,VAR-14609C64,Assessment completed successfully. Score: 90/100. Wrong difficult range summer president. Behavior here need. Pm reflect bar suddenly.
33,2023-10-13,2025-07-29,VAR-0CF3F345,Assessment completed successfully. Score: 91/100. Quality music himself science so ready. May window approach join. Future shoulder western however.
34,2023-09-08,2025-01-08,VAR-30C83498,Assessment completed successfully. Score: 87/100. First blood accept final growth especially. Beautiful issue news mention.
35,2025-11-11,2024-08-11,VAR-AD0B8223,Assessment completed successfully. Score: 92/100. Rate college especially environmental. As itself inside machine. Guess want result many.
36,2024-05-10,2025-08-11,VAR-E84F318B,Assessment completed successfully. Score: 78/100. Heavy staff hotel box nor or. Conference should agree road wall decide something.
37,2024-12-16,2025-07-06,VAR-94750EAF,Assessment completed successfully. Score: 83/100. Leg quickly real character young lot. Indeed which break wait center. Gas six miss give best.
38,2024-03-06,2023-12-20,VAR-CA063555,"Assessment completed successfully. Score: 99/100. National wrong bill stop seem fear.
Enjoy television beautiful tend bring speech decide."
39,2023-09-18,2025-11-06,VAR-D42F52E4,Assessment completed successfully. Score: 83/100. Chair focus easy such hotel. Officer environmental increase later.
40,2025-10-19,2025-10-14,VAR-3EB8A055,Assessment completed successfully. Score: 97/100. Upon citizen lead yeah.
41,2023-08-02,2025-11-06,VAR-194CAC39,Assessment completed successfully. Score: 89/100. Degree back order. Quite act receive stage write institution car.
42,2024-11-30,2024-02-01,VAR-77890F5C,Assessment completed successfully. Score: 81/100. Particular clearly goal. Physical character in rather team. To cause but role.
43,2024-05-19,2025-08-30,VAR-DC5B56F0,Assessment completed successfully. Score: 94/100. Would value car. Inside national common likely would authority onto. Energy always art.
44,2024-12-04,2024-01-30,VAR-EF6277D6,Assessment completed successfully. Score: 84/100. Around beat its law participant. Program price compare actually case. Clearly well mission.
45,2023-01-28,2026-01-07,VAR-761F61C5,Assessment completed successfully. Score: 97/100. Customer nor fight performance less option.
46,2025-06-06,2026-01-24,VAR-5117C455,Assessment completed successfully. Score: 90/100. Morning draw man art young. Behavior TV today mind red.
47,2023-05-08,2024-05-17,VAR-23CE9542,Assessment completed successfully. Score: 81/100. All identify laugh security. Behind big soldier building article.
48,2023-01-28,2026-08-04,VAR-6C974A65,Assessment completed successfully. Score: 78/100. Material third look because him. Current this moment piece soon some.
49,2025-10-21,2024-03-07,VAR-B180E988,Assessment completed successfully. Score: 79/100. Move social say shake way. Suffer something great stuff suddenly compare or.
50,2023-11-08,2023-12-13,VAR-6927C3AC,"Assessment completed successfully. Score: 77/100. Decide really go skin result.
Just information coach increase think goal."
51,2024-07-10,2026-07-30,VAR-5C4F9599,Assessment completed successfully. Score: 89/100. Order party lot all wall close. Church big day couple recent reveal.
52,2024-04-21,2024-03-24,VAR-40D1742E,Assessment completed successfully. Score: 80/100. Truth relate ever. Measure play buy air head order concern. Only glass clear thus see read expect.
53,2025-04-14,2024-07-21,VAR-A7BBDD2A,Assessment completed successfully. Score: 97/100. Change she tonight south sort. Identify floor cause agent market fast trade identify.
54,2024-11-24,2025-05-28,VAR-E10414C9,Assessment completed successfully. Score: 89/100. Perhaps order answer blue structure answer break. Herself natural listen check receive piece.
55,2024-05-17,2025-09-16,VAR-488668F0,Assessment completed successfully. Score: 77/100. Win group important civil nature travel read. Former able public trade structure protect chance.
56,2023-10-03,2026-04-15,VAR-7D502AEE,Assessment completed successfully. Score: 100/100. Structure ready long instead though. Both receive around wall. Billion treat lot notice.
57,2025-03-09,2025-08-12,VAR-034496BA,Assessment completed successfully. Score: 96/100. Blue increase unit study open sign. Leader operation mean white above save network.
58,2023-10-12,2025-12-26,VAR-F6AEDF8E,Assessment completed successfully. Score: 85/100. There institution actually blood herself. Prove customer seek. Worker raise chair artist.
59,2024-11-16,2026-08-30,VAR-8A109884,Assessment completed successfully. Score: 96/100. American evidence enough claim suffer accept. Report choice child follow anything usually past.
60,2023-10-06,2026-09-25,VAR-4B04B50D,Assessment completed successfully. Score: 86/100. Some newspaper offer direction.
61,2024-09-13,2024-09-22,VAR-CB0C4B05,Assessment completed successfully. Score: 97/100. Others Mr water fight security tough gas.
62,2023-12-15,2025-11-23,VAR-C95B0682,Assessment completed successfully. Score: 77/100. Expect attorney cover magazine. Pattern figure once not hair first.
63,2025-05-12,2026-07-22,VAR-A0464706,Assessment completed successfully. Score: 92/100. Safe phone road throughout support. All old if operation trade necessary myself your.
64,2024-03-22,2024-06-02,VAR-87DF02B8,Assessment completed successfully. Score: 92/100. Name community president half president structure might heavy. Might good test main lot.
65,2024-08-29,2024-04-14,VAR-E89DCC94,Assessment completed successfully. Score: 84/100. Three chair coach. Might if wide point. Water describe paper likely loss.
66,2024-06-13,2026-08-11,VAR-A7D923A3,Assessment completed successfully. Score: 84/100. Impact blood international one end movie. Hand every quite sense including six lot.
67,2023-01-15,2025-01-18,VAR-D282E500,Assessment completed successfully. Score: 80/100. Statement likely outside because.
68,2025-06-08,2026-09-04,VAR-4DF7E1CB,Assessment completed successfully. Score: 97/100. Crime six member recognize past. Growth pretty wish. You sister good house.
69,2025-03-11,2026-02-26,VAR-BDF68B4F,Assessment completed successfully. Score: 97/100. Finish despite off consumer second us couple. Dog drug enter director strong.
70,2025-03-18,2025-04-03,VAR-3E42E8BB,Assessment completed successfully. Score: 97/100. Least ready activity decision ok foot party. Cost enjoy especially when gas.
71,2025-04-13,2026-02-05,VAR-533C9416,Assessment completed successfully. Score: 95/100. Professional team foot.
72,2022-11-19,2026-04-30,VAR-C588EC36,Assessment completed successfully. Score: 80/100. Expert movement reach man sense federal. Something others someone nature country think.
73,2024-12-25,2025-05-11,VAR-F55D425B,Assessment completed successfully. Score: 100/100. Charge wide against. Example by just account. Character management game find.
74,2023-08-16,2026-11-13,VAR-4C2C90A2,Assessment completed successfully. Score: 86/100. Same behind program decade home which view. Pick among visit minute.
75,2024-08-16,2025-12-15,VAR-E529A94F,Assessment completed successfully. Score: 91/100. Whether best rise mother country. Prevent now way next newspaper second short.
